ID,Prediction
1,A E B
2,B C E
3,B E C
4,E C A
5,C A B
6,D B A
7,E D C
8,B E A
9,C D E
10,B C E
11,A C E
12,D E B
13,C A B
14,C E B
15,E D C
16,A C B
17,E D B
18,B E D
19,A E D
20,D B C
21,B D E
22,D C E
23,D E A
24,E B A
25,D C B
26,E C A
27,E D C
28,C A E
29,B E C
30,A B E
31,E C A
32,C D A
33,D A E
34,C A E
35,A C B
36,C E B
37,C A E
38,C B A
39,B E D
40,C A E
41,A D C
42,E D A
43,B E D
44,A E B
45,D A B
46,B D C
47,D B A
48,A D C
49,B C A
50,C B A
51,D E B
52,A E C
53,C A D
54,C E D
55,B C D
56,B C E
57,B C D
58,A B D
59,A C B
60,C E D
61,C E A
62,A B E
63,A B D
64,C A E
65,E C A
66,E B A
67,C E B
68,B D C
69,E C B
70,C B A
71,C A E
72,D C A
73,A C B
74,D B C
75,C A D
76,A B C
77,C A D
78,D C E
79,D B A
80,C D E
81,B D E
82,B E D
83,D B E
84,B E A
85,E D B
86,B D A
87,B C A
88,E C A
89,E C A
90,C A E
91,B C D
92,B E D
93,C D A
94,D C B
95,E C B
96,B C E
97,D B E
98,B C D
99,C A E
100,B C D
101,E B C
102,D B A
103,E B A
104,C E A
105,E C A
106,C B E
107,A B D
108,D B A
109,E B C
110,E D C
111,D E C
112,D A B
113,E D C
114,E C B
115,B C E
116,A E B
117,C B D
118,A E C
119,C D E
120,B A C
121,C E A
122,D B A
123,C E B
124,A B E
125,D C B
126,D B E
127,C D A
128,B D C
129,B D E
130,D B E
131,E D C
132,B C A
133,D B A
134,D B A
135,C D B
136,C B D
137,B C E
138,E D A
139,E A B
140,B C A
141,C D A
142,C A D
143,D E A
144,E B C
145,D B C
146,B E D
147,C E A
148,A B C
149,B A E
150,E B A
151,B C E
152,B D A
153,A B C
154,E C A
155,D A B
156,D B E
157,C E B
158,D E C
159,C A D
160,B A C
161,C E D
162,D B A
163,E A C
164,C B E
165,A B E
166,E D C
167,A B C
168,D B A
169,B A E
170,A C D
171,A D E
172,C A E
173,C A D
174,D B A
175,D C B
176,E D C
177,C D E
178,A E B
179,C E D
180,A B D
181,E B D
182,C A B
183,B C E
184,B C E
185,C D E
186,E A D
187,D C B
188,E A C
189,C D A
190,E D C
191,D B C
192,C E D
193,C D A
194,E A D
195,D C E
196,B D A
197,B C E
198,B E C
199,A C B
200,C A D
201,E A B
202,A D B
203,B C E
204,D C A
205,B E D
206,C D A
207,A C B
208,D E A
209,B A E
210,A B E
211,B E A
212,A B C
213,C D A
214,C E B
215,C A E
216,C D E
217,B A C
218,C B D
219,A C B
220,D E C
221,B E C
222,D E A
223,E A B
224,B C D
225,A E B
226,C B A
227,D C A
228,C D E
229,B E A
230,A B C
231,D B E
232,D A B
233,C B D
234,A C B
235,A C B
236,B E D
237,A B C
238,A D E
239,B C E
240,D C B
241,E C B
242,A B E
243,D B E
244,E A B
245,A B C
246,B E A
247,A E D
248,E A D
249,E A C
250,D A C
251,A B C
252,B E C
253,C B A
254,D B C
255,A B E
256,C D E
257,B D E
258,C A B
259,C A D
260,D A C
261,E C A
262,A B E
263,B A E
264,C E A
265,A D B
266,A B E
267,D B E
268,D B E
269,B D A
270,B D A
271,C B D
272,C B E
273,D C B
274,A B C
275,E A D
276,B C A
277,E A B
278,D B A
279,B C D
280,D E C
281,D C A
282,B E A
283,A E C
284,B C E
285,E D C
286,A B D
287,B E D
288,E C B
289,E B D
290,B C E
291,B E C
292,C E B
293,D A C
294,D A B
295,A E C
296,C A E
297,D E B
298,D B C
299,C E D
300,E D C
301,B D A
302,C B D
303,B E D
304,C D B
305,E D A
306,B E A
307,B D A
308,C D A
309,E B C
310,A C D
311,C B D
312,C E A
313,C D B
314,A B E
315,C B D
316,B E C
317,A B C
318,D E C
319,C E A
320,B C E
321,B C D
322,C E A
323,A B E
324,A B E
325,E C B
326,E A C
327,D B A
328,B E C
329,C A D
330,B D A
331,A C B
332,C A E
333,B D E
334,E B A
335,B E C
336,B C A
337,E C D
338,D C B
339,D B E
340,C D B
341,E C A
342,B E D
343,D E A
344,A C E
345,C D A
346,C E A
347,D C E
348,A D E
349,B A C
350,A E C
351,D A B
352,B D E
353,D A C
354,E A B
355,B C D
356,D E A
357,D C B
358,B E A
359,C A B
360,E B A
361,D B A
362,B A E
363,C B D
364,B E C
365,C B E
366,E B D
367,E B A
368,C E D
369,B E A
370,D B A
371,D B C
372,C D E
373,B D A
374,E A D
375,E C A
376,B D A
377,C E B
378,A E B
379,C A B
380,E D C
381,E B D
382,D C B
383,C B A
384,B C E
385,A B D
386,A D C
387,B A E
388,B A C
389,D A B
390,E D A
391,B C E
392,C E D
393,C A B
394,B A E
395,A E C
396,A C D
397,C B D
398,E A B
399,E D C
400,E B C
401,D B A
402,D E C
403,A B E
404,B E D
405,C B D
406,B C E
407,B E C
408,C B A
409,C B D
410,A B D
411,E C B
412,C D A
413,C A E
414,C A D
415,E D B
416,C A D
417,B D A
418,D B E
419,A B D
420,E D C
421,A B E
422,D A B
423,A D E
424,B A D
425,C A D
426,C D E
427,C A E
428,C E B
429,D A E
430,C D A
431,C D A
432,B D C
433,D C E
434,C A D
435,C A E
436,D B E
437,E B A
438,A E D
439,D E C
440,C A E
441,E C A
442,D E C
443,E D C
444,B C E
445,B D E
446,B D E
447,C E D
448,E B C
449,B A C
450,E B D
451,D B A
452,B A E
453,A D E
454,B A E
455,A B C
456,B D A
457,D E C
458,B C E
459,A C B
460,A D E
461,A B C
462,D E A
463,D C A
464,E D B
465,E B D
466,D B A
467,D E C
468,E B C
469,C D B
470,A C E
471,C B A
472,A C B
473,C D E
474,E B C
475,A E D
476,E C D
477,A E C
478,B E C
479,B D E
480,B D A
481,A E C
482,D B A
483,A C B
484,D E C
485,C D B
486,B D E
487,A C D
488,E C A
489,B D C
490,B A E
491,C A D
492,D E C
493,D B C
494,D C B
495,A E B
496,A E B
497,C E A
498,B A E
499,E B C
500,C E B
